Workbook

Sheet food
A1: מאכל | B1: יחידות | C1: פחמימה | D1: חלבון | E1: שומן | F1: קלוריות | G1: סהכ פחמימה | H1: סהכ חלבון | I1: סהכ שומן | J1: סהכ קלוריות | K1: ולידציה
A2: יוגורט פרו זירו | B2: 1 | C2: =VLOOKUP($A2, dict!$A:$F, 3, false) * $B2 / VLOOKUP($A2, dict!$A:$F, 2, false) -> 6.7 | D2: =VLOOKUP($A2, dict!$A:$F, 4, false) * $B2 / VLOOKUP($A2, dict!$A:$F, 2, false) -> 21 | E2: =VLOOKUP($A2, dict!$A:$F, 5, false) * $B2 / VLOOKUP($A2, dict!$A:$F, 2, false) -> 0 | F2: =VLOOKUP($A2, dict!$A:$F, 6, false) * $B2 / VLOOKUP($A2, dict!$A:$F, 2, false) -> 116 | G2: =SUM(C:C) -> 491.48 | H2: =SUM(D:D) -> 228.18 | I2: =SUM(E:E) -> 65.34 | J2: =SUM(F:F) -> 3524.2 | K2: =G2*4 + H2*4 + I2*9 -> 3466.7
A3: פיתות כוסמין לבן | B3: 150 | C3: =VLOOKUP($A3, dict!$A:$F, 3, false) * $B3 / VLOOKUP($A3, dict!$A:$F, 2, false) -> 67.5 | D3: =VLOOKUP($A3, dict!$A:$F, 4, false) * $B3 / VLOOKUP($A3, dict!$A:$F, 2, false) -> 13.95 | E3: =VLOOKUP($A3, dict!$A:$F, 5, false) * $B3 / VLOOKUP($A3, dict!$A:$F, 2, false) -> 2.1 | F3: =VLOOKUP($A3, dict!$A:$F, 6, false) * $B3 / VLOOKUP($A3, dict!$A:$F, 2, false) -> 354
A4: עגלפפון | B4: 200 | C4: =VLOOKUP($A4, dict!$A:$F, 3, false) * $B4 / VLOOKUP($A4, dict!$A:$F, 2, false) -> 7 | D4: =VLOOKUP($A4, dict!$A:$F, 4, false) * $B4 / VLOOKUP($A4, dict!$A:$F, 2, false) -> 0 | E4: =VLOOKUP($A4, dict!$A:$F, 5, false) * $B4 / VLOOKUP($A4, dict!$A:$F, 2, false) -> 0 | F4: =VLOOKUP($A4, dict!$A:$F, 6, false) * $B4 / VLOOKUP($A4, dict!$A:$F, 2, false) -> 30
A5: עוגית חלבון | B5: 0 | C5: =VLOOKUP($A5, dict!$A:$F, 3, false) * $B5 / VLOOKUP($A5, dict!$A:$F, 2, false) -> 0 | D5: =VLOOKUP($A5, dict!$A:$F, 4, false) * $B5 / VLOOKUP($A5, dict!$A:$F, 2, false) -> 0 | E5: =VLOOKUP($A5, dict!$A:$F, 5, false) * $B5 / VLOOKUP($A5, dict!$A:$F, 2, false) -> 0 | F5: =VLOOKUP($A5, dict!$A:$F, 6, false) * $B5 / VLOOKUP($A5, dict!$A:$F, 2, false) -> 0
A6: ביצה | B6: 2 | C6: =VLOOKUP($A6, dict!$A:$F, 3, false) * $B6 / VLOOKUP($A6, dict!$A:$F, 2, false) -> 1 | D6: =VLOOKUP($A6, dict!$A:$F, 4, false) * $B6 / VLOOKUP($A6, dict!$A:$F, 2, false) -> 17 | E6: =VLOOKUP($A6, dict!$A:$F, 5, false) * $B6 / VLOOKUP($A6, dict!$A:$F, 2, false) -> 13 | F6: =VLOOKUP($A6, dict!$A:$F, 6, false) * $B6 / VLOOKUP($A6, dict!$A:$F, 2, false) -> 194
A7: שמן זית | B7: 5 | C7: =VLOOKUP($A7, dict!$A:$F, 3, false) * $B7 / VLOOKUP($A7, dict!$A:$F, 2, false) -> 0 | D7: =VLOOKUP($A7, dict!$A:$F, 4, false) * $B7 / VLOOKUP($A7, dict!$A:$F, 2, false) -> 0 | E7: =VLOOKUP($A7, dict!$A:$F, 5, false) * $B7 / VLOOKUP($A7, dict!$A:$F, 2, false) -> 4.6 | F7: =VLOOKUP($A7, dict!$A:$F, 6, false) * $B7 / VLOOKUP($A7, dict!$A:$F, 2, false) -> 41.5
A8: שמן זית | B8: 5 | C8: =VLOOKUP($A8, dict!$A:$F, 3, false) * $B8 / VLOOKUP($A8, dict!$A:$F, 2, false) -> 0 | D8: =VLOOKUP($A8, dict!$A:$F, 4, false) * $B8 / VLOOKUP($A8, dict!$A:$F, 2, false) -> 0 | E8: =VLOOKUP($A8, dict!$A:$F, 5, false) * $B8 / VLOOKUP($A8, dict!$A:$F, 2, false) -> 4.6 | F8: =VLOOKUP($A8, dict!$A:$F, 6, false) * $B8 / VLOOKUP($A8, dict!$A:$F, 2, false) -> 41.5
A9: בצל | B9: 200 | C9: =VLOOKUP($A9, dict!$A:$F, 3, false) * $B9 / VLOOKUP($A9, dict!$A:$F, 2, false) -> 18.68 | D9: =VLOOKUP($A9, dict!$A:$F, 4, false) * $B9 / VLOOKUP($A9, dict!$A:$F, 2, false) -> 2.2 | E9: =VLOOKUP($A9, dict!$A:$F, 5, false) * $B9 / VLOOKUP($A9, dict!$A:$F, 2, false) -> 0.2 | F9: =VLOOKUP($A9, dict!$A:$F, 6, false) * $B9 / VLOOKUP($A9, dict!$A:$F, 2, false) -> 80
A10: תפוא | B10: 0 | C10: =VLOOKUP($A10, dict!$A:$F, 3, false) * $B10 / VLOOKUP($A10, dict!$A:$F, 2, false) -> 0 | D10: =VLOOKUP($A10, dict!$A:$F, 4, false) * $B10 / VLOOKUP($A10, dict!$A:$F, 2, false) -> 0 | E10: =VLOOKUP($A10, dict!$A:$F, 5, false) * $B10 / VLOOKUP($A10, dict!$A:$F, 2, false) -> 0 | F10: =VLOOKUP($A10, dict!$A:$F, 6, false) * $B10 / VLOOKUP($A10, dict!$A:$F, 2, false) -> 0
A11: חזה עוף | B11: 230 | C11: =VLOOKUP($A11, dict!$A:$F, 3, false) * $B11 / VLOOKUP($A11, dict!$A:$F, 2, false) -> 0 | D11: =VLOOKUP($A11, dict!$A:$F, 4, false) * $B11 / VLOOKUP($A11, dict!$A:$F, 2, false) -> 57.5 | E11: =VLOOKUP($A11, dict!$A:$F, 5, false) * $B11 / VLOOKUP($A11, dict!$A:$F, 2, false) -> 5.75 | F11: =VLOOKUP($A11, dict!$A:$F, 6, false) * $B11 / VLOOKUP($A11, dict!$A:$F, 2, false) -> 276
A12: תערובת ירוקים | B12: 0 | C12: =VLOOKUP($A12, dict!$A:$F, 3, false) * $B12 / VLOOKUP($A12, dict!$A:$F, 2, false) -> 0 | D12: =VLOOKUP($A12, dict!$A:$F, 4, false) * $B12 / VLOOKUP($A12, dict!$A:$F, 2, false) -> 0 | E12: =VLOOKUP($A12, dict!$A:$F, 5, false) * $B12 / VLOOKUP($A12, dict!$A:$F, 2, false) -> 0 | F12: =VLOOKUP($A12, dict!$A:$F, 6, false) * $B12 / VLOOKUP($A12, dict!$A:$F, 2, false) -> 0
A13: פסטה אוסם | B13: 150 | C13: =VLOOKUP($A13, dict!$A:$F, 3, false) * $B13 / VLOOKUP($A13, dict!$A:$F, 2, false) -> 106.5 | D13: =VLOOKUP($A13, dict!$A:$F, 4, false) * $B13 / VLOOKUP($A13, dict!$A:$F, 2, false) -> 16.5 | E13: =VLOOKUP($A13, dict!$A:$F, 5, false) * $B13 / VLOOKUP($A13, dict!$A:$F, 2, false) -> 2.25 | F13: =VLOOKUP($A13, dict!$A:$F, 6, false) * $B13 / VLOOKUP($A13, dict!$A:$F, 2, false) -> 523.5
A14: קוואקר | B14: 40 | C14: =VLOOKUP($A14, dict!$A:$F, 3, false) * $B14 / VLOOKUP($A14, dict!$A:$F, 2, false) -> 27.6 | D14: =VLOOKUP($A14, dict!$A:$F, 4, false) * $B14 / VLOOKUP($A14, dict!$A:$F, 2, false) -> 4.4 | E14: =VLOOKUP($A14, dict!$A:$F, 5, false) * $B14 / VLOOKUP($A14, dict!$A:$F, 2, false) -> 3.2 | F14: =VLOOKUP($A14, dict!$A:$F, 6, false) * $B14 / VLOOKUP($A14, dict!$A:$F, 2, false) -> 149.6
... A27: טופו קשה | B27: 0 | C27: =VLOOKUP($A27, dict!$A:$F, 3, false) * $B27 / VLOOKUP($A27, dict!$A:$F, 2, false) -> 0 | D27: =VLOOKUP($A27, dict!$A:$F, 4, false) * $B27 / VLOOKUP($A27, dict!$A:$F, 2, false) -> 0 | E27: =VLOOKUP($A27, dict!$A:$F, 5, false) * $B27 / VLOOKUP($A27, dict!$A:$F, 2, false) -> 0 | F27: =VLOOKUP($A27, dict!$A:$F, 6, false) * $B27 / VLOOKUP($A27, dict!$A:$F, 2, false) -> 0

Sheet calc
A1: מאכל | B1: יחידות | C1: פחמימה | D1: חלבון | E1: שומן | F1: קלוריות | G1: סהכ פחמימה | H1: סהכ חלבון | I1: סהכ שומן | J1: סהכ קלוריות | K1: ולידציה
A2: טבורוג שלוש אחוז | B2: 250 | C2: =VLOOKUP($A2, dict!$A:$F, 3, false) * $B2 / VLOOKUP($A2, dict!$A:$F, 2, false) -> 8.75 | D2: =VLOOKUP($A2, dict!$A:$F, 4, false) * $B2 / VLOOKUP($A2, dict!$A:$F, 2, false) -> 38.5 | E2: =VLOOKUP($A2, dict!$A:$F, 5, false) * $B2 / VLOOKUP($A2, dict!$A:$F, 2, false) -> 7.5 | F2: =VLOOKUP($A2, dict!$A:$F, 6, false) * $B2 / VLOOKUP($A2, dict!$A:$F, 2, false) -> 257.5 | G2: =SUM(C:C) -> 70.85 | H2: =SUM(D:D) -> 55.32 | I2: =SUM(E:E) -> 19.4 | J2: =SUM(F:F) -> 683.2 | K2: =G2*4 + H2*4 + I2*9 -> 679.28
A3: קמח חיטה | B3: 80 | C3: =VLOOKUP($A3, dict!$A:$F, 3, false) * $B3 / VLOOKUP($A3, dict!$A:$F, 2, false) -> 57.6 | D3: =VLOOKUP($A3, dict!$A:$F, 4, false) * $B3 / VLOOKUP($A3, dict!$A:$F, 2, false) -> 8.32 | E3: =VLOOKUP($A3, dict!$A:$F, 5, false) * $B3 / VLOOKUP($A3, dict!$A:$F, 2, false) -> 0.8 | F3: =VLOOKUP($A3, dict!$A:$F, 6, false) * $B3 / VLOOKUP($A3, dict!$A:$F, 2, false) -> 271.2
A4: ביצה | B4: 1 | C4: =VLOOKUP($A4, dict!$A:$F, 3, false) * $B4 / VLOOKUP($A4, dict!$A:$F, 2, false) -> 0.5 | D4: =VLOOKUP($A4, dict!$A:$F, 4, false) * $B4 / VLOOKUP($A4, dict!$A:$F, 2, false) -> 8.5 | E4: =VLOOKUP($A4, dict!$A:$F, 5, false) * $B4 / VLOOKUP($A4, dict!$A:$F, 2, false) -> 6.5 | F4: =VLOOKUP($A4, dict!$A:$F, 6, false) * $B4 / VLOOKUP($A4, dict!$A:$F, 2, false) -> 97
A5: שמן זית | B5: 5 | C5: =VLOOKUP($A5, dict!$A:$F, 3, false) * $B5 / VLOOKUP($A5, dict!$A:$F, 2, false) -> 0 | D5: =VLOOKUP($A5, dict!$A:$F, 4, false) * $B5 / VLOOKUP($A5, dict!$A:$F, 2, false) -> 0 | E5: =VLOOKUP($A5, dict!$A:$F, 5, false) * $B5 / VLOOKUP($A5, dict!$A:$F, 2, false) -> 4.6 | F5: =VLOOKUP($A5, dict!$A:$F, 6, false) * $B5 / VLOOKUP($A5, dict!$A:$F, 2, false) -> 41.5
A6: דבש | B6: 5 | C6: =VLOOKUP($A6, dict!$A:$F, 3, false) * $B6 / VLOOKUP($A6, dict!$A:$F, 2, false) -> 4 | D6: =VLOOKUP($A6, dict!$A:$F, 4, false) * $B6 / VLOOKUP($A6, dict!$A:$F, 2, false) -> 0 | E6: =VLOOKUP($A6, dict!$A:$F, 5, false) * $B6 / VLOOKUP($A6, dict!$A:$F, 2, false) -> 0 | F6: =VLOOKUP($A6, dict!$A:$F, 6, false) * $B6 / VLOOKUP($A6, dict!$A:$F, 2, false) -> 16
A7: _

Sheet dict
A1: אוכל | B1: יחידה | C1: פחמימה | D1: חלבון | E1: שומן | F1: קלוריות | G1: וולידציה
A2: _ | B2: 1 | C2: 0 | D2: 0 | E2: 0 | F2: 0
A3: אבקה | B3: 1 | C3: 2 | D3: 24 | E3: 1 | F3: 110 | G3: =4*C3 + 4*D3 + 9*E3 -> 113
A4: אולין בוטנים קרמל | B4: 1 | C4: 19.1 | D4: 20 | E4: 10.9 | F4: 234 | G4: =4*C4 + 4*D4 + 9*E4 -> 254.5
A5: אורז | B5: 100 | C5: 78 | D5: 8.8 | E5: 0 | F5: 350 | G5: =4*C5 + 4*D5 + 9*E5 -> 347.2
A6: אצבעות מוצרלה | B6: 1 | C6: 0 | D6: 5.2 | E6: 4.3 | F6: 59 | G6: =4*C6 + 4*D6 + 9*E6 -> 59.5
A7: אצבעות עמק | B7: 1 | C7: 0 | D7: 4.9 | E7: 6 | F7: 74 | G7: =4*C7 + 4*D7 + 9*E7 -> 73.6
A8: בטטה | B8: 100 | C8: 20.1 | D8: 1.6 | E8: 0 | F8: 86 | G8: =4*C8 + 4*D8 + 9*E8 -> 86.8
A9: ביצה | B9: 1 | C9: 0.5 | D9: 8.5 | E9: 6.5 | F9: 97 | G9: =4*C9 + 4*D9 + 9*E9 -> 94.5
A10: בננה | B10: 100 | C10: 23.4 | D10: 1 | E10: 0.5 | F10: 92 | G10: =4*C10 + 4*D10 + 9*E10 -> 102.1
A11: בצל | B11: 100 | C11: 9.34 | D11: 1.1 | E11: 0.1 | F11: 40 | G11: =4*C11 + 4*D11 + 9*E11 -> 42.66
A12: גזר | B12: 100 | C12: 10 | D12: 0 | E12: 0 | F12: 41 | G12: =4*C12 + 4*D12 + 9*E12 -> 40
A13: גיינר | B13: 100 | C13: 72 | D13: 16 | E13: 4 | F13: 397 | G13: =4*C13 + 4*D13 + 9*E13 -> 388
A14: גמבה | B14: 100 | C14: 6 | D14: 1 | E14: 0.3 | F14: 31 | G14: =4*C14 + 4*D14 + 9*E14 -> 30.7
... A62: יוגורט סויה | B62: 1 | C62: 12 | D62: 20 | E62: 6 | F62: 190 | G62: =4*C62 + 4*D62 + 9*E62 -> 182
